6099859539,兔先森5601,男,江苏 无锡,,,,343,20,60,
1420702335,咶暮幽晓寂机晓,男,辽宁 大连,,,,4,99,1999,
6786857775,逼范丶JIALING,女,浙江,,,,2,2,250,
3738195311,情报周周擒牛,男,湖北 武汉,,,,403,2134,4962,知名财经博主 关注私信【6】领取牛股
6803241593,卖飞小-王-子,男,上海,,,,29,37,2241,上海禅定信息科技有限公司媒体中心总监 财经博主
6624781865,林登万大人-股评师,男,上海,,,,28,97,3155,微博股评师 财经视频自媒体
6753125201,晽澄万大人,男,上海 黄浦区,,,,29,24,1275,微博股评师
6099859539,兔先森5601,男,江苏 无锡,,,,343,20,60,
3173919185,萨修永粗糙,男,北京 平谷区,,,,519,151,4660,
6221438006,所建武功蛙,女,山东,,,,584,75,2096,
5996062670,纸风铃_美甲WYJ,男,广东,,,,567,180,2894,bye，my love
6562735613,锐志无限标书,男,北京,,,,268,223,898,锐志无限|专业代做标书|工程预算|竣工结算13031075805
6824461809,小花朵的小跟班天1111,女,甘肃 兰州,,,,69,72,170,这个人可能是个好人
2070566713,yes-taday,女,广东 汕尾,,,,854,255,3636,我是ELF
6029739475,它就堆着这副,女,江苏,,,,566,192,3093,
5991188079,创业者何神志凯博,男,四川 资阳,,,,549,230,2900,如梦，于山水间
6303224425,库足金药械PZ,男,北京 崇文区,,,,585,149,3343,
6301787458,忽见供暖书上z,男,辽宁,,,,406,155,2850,
6295114592,气旋马上但都f,男,辽宁 大连,,,,389,148,2754,
5995633732,清贫的望清韵,女,上海,,,,428,197,2259,他的爱情
6006434917,巧嘴飞翔佩DG0I,女,吉林 白山,,,,311,32,765,
6065135486,朵色彩妆A,女,广东 茂名,,,,286,115,316,不管什么样的天气，记得随时带上自己的阳光。
6202703407,你和高雅慧聪,女,上海 虹口区,,,,603,140,3652,
2896311767,淑女姐姐lmspq,女,贵州 黔东南,,,,2609,351,2154,憨厚朴实有碍事业的成功
3992339353,我爱小金矿,女,黑龙江 伊春,,,,2894,325,1604,你若相信，便救我一命
2869965623,牌洲流氓,男,香港 其他,,,,4649,367,2888,成功只有一种——按自己的意思过一生
1932999717,恶毒黎弘雅乁,男,新疆 伊犁,,,,2444,326,1811,梦让我失去梦，梦让我痛
6352493312,4usupx9Jr9q,女,广东 韶关,,,,530,200,3703,"这个人很懒,什么也没写!"
5722348147,来复思远两季,女,河南 焦作,,,,444,153,2339,
6302026556,台翔宇Adam,男,山东,,,,435,119,3756,
3863349958,蓝莓蛋挞8,女,北京 朝阳区,,,,659,378,2173,开心果果比较好吃
3122509803,記憶爱兿,男,台湾 台北市,,,,3094,261,1384,一个人倒霉至少有这么一点好处，可以认清谁是真正的朋友
6000160955,前夜赛中行迹,女,重庆,,,,493,213,2906,
6304217165,驿站富足管式o,男,广东,,,,392,152,2865,
3064009733,醉怨宏尘,男,四川,,,,3478,370,2225,爱，让我懂得感恩
6301406034,嵇美偲Barnett,女,四川,,,,347,97,1935,
6225345165,小北CZnathan,女,内蒙古,,,,79,211,2373,不能好了伤疤又忘了未愈合的痛
6097275216,CMoiinare,女,上海,,,,122,89,2264,自古帝王为了征服江山从未说过累
6137887026,seao7_somite,女,辽宁 辽阳,,,,120,163,1581,喜欢一无所有的干净和自由
7076524334,瀑杜疤侠闭938,男,青海,,,,1,45,1860,
6077533501,录弓长山石,男,新疆 博尔塔拉,,,,100,183,1887,这辈子做过最奢侈的事就是爱你
6164769657,就这个意思I,女,台湾 嘉义县,,,,143,288,2044,别蠢到用认识的时间长短来衡量感情
6084099967,棉_芪,男,新疆,,,,133,223,3122,夜还长，酒还够，我的胸膛依旧够暖，我有故事想去说，谁会陪着谁会听着
6074854019,我愿侧耳talker听风,女,福建 南平,,,,186,231,3088,缠在你身旁讨好像乞丐求饶 觉我无关紧要你何知我煎熬
6148292331,妖瞳kharif,女,江苏 南京,,,,154,236,2272,走过了阳光照耀的路难免会有阴凉漆黑的路等着我走 .
6065292158,呵呵猫Q,男,北京 海淀区,,,,153,212,3935,有一种包袱，老牌用语叫人在江湖
6084327114,val尹尹尹尹子,女,宁夏 石嘴山,,,,156,128,3377,为何你不懂 只要有爱就有痛
6822323648,吉杜李,男,贵州 贵阳,,,,6,335,1333,
6320762378,卧龙雅集,男,北京,,,,1113,46226,19724,曾经军旅，喜好韵律。诗和远方，可求当祈。日徒万米，聊以跬积。每天一创，经年梓集。以诗会友，甚为惬意。
5693470962,侃侃乐哈哈,男,山东,,,,1765,18227,3572,单身寂寞，喜欢会化妆的女生，长得帅，求交往。
5984312045,论金解套-李骏,男,其他,,,,1843,121227,4895,黄金原油分析师李骏。作为分析师，一定要让自己变得专业，只有对金融市场专业了，才能清楚的认识市场。
5997421510,一念之间1号2043,男,湖北 宜昌,,,,26,143,342,
6070148395,红红火火73571,男,其他,,,,78,107,164,
6710803397,艾美禄杨雪艳,女,陕西 榆林,,,,86,499568,233,丰胸达人
6304170156,思图qq516632533,男,广东,,,,19,53,193,
7029983537,用户17625209456,男,吉林 长春,,,,3,4,88,
5764589236,缠中忆缠,男,北京 西城区,,,,82,143,23,身在缠中，焉能悟缠。
7014759277,随缘退网中10229,男,其他,,,,0,42,90,
6827516572,股票陆尼玛-··,男,上海,,,,245,72,1289,财经博主
6867572796,·股票陆尼玛-推股室,男,上海 黄浦区,,,,15,47,760,私信888领取牛股
7009785996,用户7009785996,女,黑龙江 大庆,,,,11,40,257,
6778680349,用户6778680349,女,江西,,,,4,28,151,
6402651083,9wwwW_,男,其他,,,,7187,336,3152,彼可取而代之
7005666337,用户7005666337,女,贵州,,,,30,41,179,
7008192922,用户7008192922,男,四川,,,,0,24,22,
6627268586,寻求正义123,男,陕西,,,,20,1244,9121,热爱祖国，公正正义
6608014491,周龙38918,男,其他,,,,1,284,81,
5593366222,云96127,女,上海,,,,1882,902,3166,相信自己，
6891547922,用户6891547922,男,甘肃 庆阳,,,,8,36,192,没什么非你不可，也没什么不可失去。愿意留下来的人，就好好相处，彼此言信；想要远走的，就挥挥手说声抱歉，恕不远送。
3996637938,君君私人衣橱,女,浙江 杭州,,,,29,721,1211,有一种陪伴，虽然不言语，却感动生命。有一种守望虽然都无声，却温暖心灵。长久的感情总品一盏茶，洗去尘埃，洗去沧桑，洗去虚情假意。
2186165713,玉杰的世界,男,山东 济南,,,,821,662,4214,
6859574970,车联网凯利亚美合作伙伴,男,浙江 温州,,,,210,576,11710,车联网~国家十三五规划重点项目~~凯利集团携手广州亚美打造安全出行，智能交通，数据开放，C端开放！超级大数据平台！欢迎参与凯利亚美的平台建设。
6218476881,我是女侠哥,男,其他,,,,37,693,4650,
6430152372,安楠·,男,江苏 南京,,,,134750,1182443,2720,超跑 布加迪Divo迈凯轮F1兰博基尼 宾利尚幕劳斯莱斯幻影 法拉利Reventon欧陆 魅影 阿斯顿马丁 帕加尼 迈巴赫 保时捷 世爵c8 路虎 莱肯 曜影 南京明星
5231099272,空气补给者2011缘,女,福建 宁德,,,,33,966,2645,
1784523971,MorningStar微博,女,北京 西城区,,,,1009,185,170,有过的生活如此珍贵
6676921003,用户6676921003,男,其他,,,,1,4,35,
1240326047,一步半个脚印999,男,重庆 渝北区,,,,74,14,13,
6867029095,了悟趋势9531,男,其他,,,,158,363,419,
1080625273,小闹200,男,山西 太原,,,,1,41,185,
6793471394,影视宣传201839,女,江西,,,,0,65,215,00000
5282157466,sam1581319,男,其他,,,,0,13,16,
7202197631,ihRT6-志在千tlt,女,湖南,,,,46,46,2713,
7039666047,厥硕褂都乃427,女,湖南 邵阳,,,,0,45,4915,
7076047681,恫叶圃春际157,女,上海,,,,91,32,1815,
6868248980,用户3507338537,男,北京,,,,0,41,3099,
6868248050,用户3507238213,男,北京 东城区,,,,0,50,3054,
6649663874,鈊嗳你_lani7,男,新疆,,,,2,141,4495,
6850792063,孤单仰集洁_iyhk,男,重庆,,,,14,150,4120,
6852360250,思恋马扣宾_tgcy,男,上海 闸北区,,,,31,170,4936,你曾经是我最想要的，但你似乎从来都不需要我。我想就是因为这样，我放弃了你。
6651836137,魂牽衾_IONOY_GXY,男,上海,,,,2,81,1532,
6638431915,墨初_obin,女,河北,,,,6,146,4915,
6578494123,餺不佶_bebe,女,陕西,,,,6,132,3790,
6652208282,扌巨纟色_aprilsong,男,湖北,,,,2,55,1236,
6640775865,葬花吟_appleabc,男,天津,,,,1,59,1389,
6964525356,还enNsnowinrain,男,天津,,,,152,105,2903,
6863528708,TBU扇菅,男,天津,,,,100,127,2492,
3288522363,好好好好05,男,海南 海口,,,,1904,1657,5002,
6370850645,謃力正版电玩城游戏中心,男,其他,,,,16,70,283,诚信，威信：ni1906724794
6580625307,祝茨linFI,男,江西,,,,1,127,4809,
6152136037,翡翠人生-,男,广东 揭阳,,,,6,22,136,翡翠工厂一条龙，批发。
6286919127,琅琊刀剑客,男,安徽,,,,900,308,631,农业  农村  饲料  豆粕
1106313480,天王星6571,女,江苏 常州,,,,709,1088,3075,时尚女装
6340024249,安静的心1234,男,其他,,,,31,335,1882,
6631680530,雪绒10185,男,其他,,,,1,37,92,
2792148787,面具爱人_1987,女,宁夏 银川,,,,1,11,30,
6923125121,全无敌111111,女,河北 秦皇岛,,,,3,48,4478,努力!拼搏!
6921890682,o_c_i_a_n_d_e_l_a_-,女,安徽,,,,3,64,4479,谨言 禁言
7075600441,颓遮济箍司412,男,辽宁,,,,114,28,2098,
7011006769,啡雍形餐蹿613,女,辽宁,,,,0,58,4832,
6626012992,木槿___Dr,男,贵州,,,,6,139,4929,
6607914734,用户2189092069,男,北京,,,,0,74,3309,
6711611047,用户7338580787,男,北京 东城区,,,,25,88,2976,
6871109528,炭黑缠_b0eh,男,吉林,,,,0,78,4907,
6639293199,夏殇_Shine,男,北京,,,,6,183,4909,
6636337942,捂耳听风_kittysu,女,云南,,,,4,144,4929,
6640764049,东邪西毒_candyleee77,男,广东,,,,1,63,1572,
6631384677,墨染城_jihaoran,女,河南,,,,81,161,3959,
6744748597,用户6744748597,男,其他,,,,2,99,1329,
6792899787,用户0397111548,男,北京 东城区,,,,0,4,507,
6366749514,从深爱到敷衍-刘禹希clear,女,广东 广州,,,,65,273,3348,
6395505840,epower滨,男,江苏,,,,52,110,71,
6577430678,转极的道干子遥胜action,男,广东,,,,0,176,4946,
6571763457,用户8666805337,男,北京 东城区,,,,0,146,4892,
6577167233,冷月_yourself,女,河南,,,,4,127,4860,
6607751407,用户2163970393,男,北京 东城区,,,,2,98,4895,
6698598313,Owil仁,男,广东,,,,55,129,304,人生下来不是为了抱着锁链，而是为了解开双翼；不要再有爬行的人类。我要幼虫化成蝴蝶，我要蚯蚓变成活的花朵，而且飞舞起来。
6699106057,夏冰冰iCy鸿,男,广东,,,,110,203,4270,人之所以能，是相信能。
2778514921,珠峰上的水郦峹,男,吉林 长春,,,,2,85,1183,为何你拿着我的旧船票，上了他的破船。
6642100578,stone十七岁鸥,男,广东 深圳,,,,276,628,185,冬天已经到来，春天还会远吗？--雪莱
6642100526,别让幸福等的太久翔,女,广东,,,,285,118,326,
6679396913,syshy会,男,广东,,,,59,154,2805,第一个青春是上帝给的；（名人名言 www.shszc.com）第二个的青春是靠自己努力的。
2321278505,ColorsM_Mili,男,广东 深圳,,,,50,117,81,人生的价值，并不是用时间，而是用深度去衡量的。
6503521172,an安妮骋,男,广东,,,,226,115,255,
6605571060,孙尤民彪,男,广东 深圳,,,,303,224,265,
3222035290,学会投资,男,江苏,,,,1235,4224,3055,一生做好三件事：会选择，能坚持，懂珍惜。
7040114184,睾厍谈识湃458,男,湖北 十堰,,,,0,31,4646,
6640795319,嫣然一笑_elanet,男,吉林,,,,1,90,2086,
6640828060,夏若年_sdonline,男,湖南,,,,1,61,1404,
6785941034,最大_zfyv,男,云南,,,,2,112,4904,
6607022677,用户2109380396,男,北京,,,,2,135,4774,
6628864589,欲言又止_HONEY,女,新疆,,,,4,168,4920,
6632447163,薄荷_AngelaLux,女,吉林,,,,15,102,1930,
6872149670,285341487yan,女,江苏,,,,247,24,732,
1743779731,chiakiraya,女,天津,,,,98109,133020,596,唯一本命请看头像，崇尚自由
1211017444,搞笑show,男,江苏,,,,9226,2124023,6222,好看的皮囊千篇一律，有趣的灵魂万里挑一。
1662018567,天天种草推荐,男,广东 广州,,,,177366,723607,73,唯一小号@阿草小猪手 ，商务合作QQ：849812174
1764452651,傅蔚冈,男,上海 黄浦区,,,,35368,1522710,1360,上海金融与法律研究院；探寻复杂世界的简单规则
3028215832,娱扒爷,男,其他,,,,13248,3022357,238,爱国爱家爱粉丝。
5209478895,扒圈小猪,女,海外,,,,19513,3067041,763,合作qq ：16038986
3695013654,我是马男Bojack,男,北京 东城区,,,,135902,2359672,152,我叫波杰克，我在努力做好……广告合作QQ联系：2559277275
6101764818,芒果捞扒哥,男,北京,,,,9018,3498308,497,娱乐圈知名娱评人
6401080494,奥宝宝,男,四川 成都,,,,1553,8740,113,你来啦~坐下唠唠呗~咱其实是个护肤博呢。一直播id：1340093990。淘宝直播：奥叔的店。B站：奥利奥不是小饼干
1939419914,车少话车,男,北京 东城区,,,,12958,2196534,395,车友必看 撩妹下饭
1353879573,期货老司机,男,广东,,,,5518,15267,589,我的公众号：泰富资讯
1985532625,雨梦图文馆,女,湖北,,,,12690,187255,377,❤️没有讨好的天赋 但我比谁都认真
1824603365,旅游曝光君,男,内蒙古 呼伦贝尔,,,,2938,356153,948,一个疯子～喜欢去旅游的疯子
5043928492,宝宝取名字起名开运师,女,广东,,,,4258,1067167,11037,专业起名改名，宝宝起名.成人改名转运，商铺公司起名，免费测名字请加V❤️:FC94943
5927838165,TomHolland资讯站,男,海外 英国,,,,4125,804348,130,邮箱:tomhollandchina@gmail.com  【b站 TomHolland资讯站】
2359950584,抑郁症婚姻家庭情感咨询心理医生,女,北京,,,,483,3696920,301,国家一级心理咨询师
5801863641,GW子顾,男,海外,,,,959,2567,1147,爱生活，爱旅行，爱摄影。
5532150957,是你的李同学,女,其他,,,,525,188692,103,工作WeChat：1123862625
2025167033,去梅阿查看米兰德比,男,湖北 武汉,,,,1371,290,190,
5172843865,小林是李昀锐,男,湖北,,,,332,1896577,247,经纪人17600350930(仅限工作) : )
1853864685,Jester_CC,男,四川 广安,,,,553,181,3003,
6021128411,慕娜兰乁,女,浙江,,,,204,57,715,感情就像一杯烈酒当被第一个人打翻后你只能掺些水再献给第二个人.
5774941757,花蕊劈做联,女,山东,,,,197,71,796,
6019654965,myra_B,男,天津,,,,456,194,2100,最好别入了我眼磨光我耐心我容易杀了你.
1400959263,哈里路亚001_174,男,江苏 无锡,,,,335,117,1475,
3793297380,沃冷笑伊,男,上海 闵行区,,,,548,216,2889,我愿意保留我的俗不可耐的名字，向我自己作为一种警告
5770875341,y孙姜氏,男,福建 龙岩,,,,553,214,2990,
5687665808,仇吉玉灬,男,四川 成都,,,,306,108,888,平静的感受
5687682359,妮妮sqhaw,男,河南 商丘,,,,779,265,3072,荷塘亭避雨
6019753216,讲道饽饽改革,男,河南 洛阳,,,,816,175,3889,
2233040210,天生壞男人,男,山东 滨州,,,,469,149,3168,
6015246682,贿孤单黑,男,广东 阳江,,,,831,166,3951,
6028617689,提点严明孜然,男,江苏 淮安,,,,781,139,3800,
5406427864,雷同化丷,女,北京 顺义区,,,,543,190,2791,隐约的痛
2890014587,宝你赞,男,山东,,,,726,283,3968,有谁为你心动，有谁为您担心虚伪的世界，所有人都虚伪的活着
6021124556,呆呆兔cruck,女,重庆 万州区,,,,720,176,3880,我愿听从风的安排可惜它从来不按常理出牌 像极了你
5778538038,分案映鱼展,女,陕西,,,,438,119,1727,
6004656164,胆大善静淑_Adair,男,北京,,,,234,75,1191,逊色的情
6019376486,想素太多小伙,男,广东 佛山,,,,897,214,3779,人生那么短，能牵手就不要并肩
6026483644,盼望微小HUG5,女,上海 黄浦区,,,,951,198,3757,
6019861664,花名门_,女,上海 长宁区,,,,923,214,4029,即使心里清楚明白会有新的替代也会有恍惚的失落
6607045450,吴强747,女,吉林 白山,,,,146,60,817,穿越神灵的闲适
3563220327,蒙小萌二姐,女,陕西 西安,,,,842,172,4164,
5982356873,紫鸢扣,女,广东 深圳,,,,1432,15766,5048,欢迎各位朋友
5966685821,爱夏亦初_,女,北京 崇文区,,,,168,425,4753,
5533706452,狄记幕墙钢结构快乐生活,男,山东 济南,,,,2466,1312,857,幕墙钢结构设计施工专家
3266868183,薇赫眉型设计中心,女,北京,,,,709,910,2770,专业眉型设计，专业韩式定妆画眉、精细美睫线、水润红唇，北京/wechat:13810977381、天津/wechat:13388050576
5028546328,炎彬造型师,男,北京 朝阳区,,,,650,86206,1590,工作：艺人妆发  杂志  mv 私化 私人订制  联系vx: 815786313
2894059391,所学义Luther,男,甘肃 金昌,,,,241,134,1729,菜花黄
2739500652,李_小皓丶x_xx,男,福建 福州,,,,2283,223,2275,前世与今生的距离
5057606125,Xxx大大大王叫我来寻山双膝,女,北京 石景山区,,,,888,273,4017,这里还有一片荒漠
2690712983,几个过客,女,广东,,,,318,223,4799,我绝不悲观我要争取多活我要为我们的社会主义祖国工作到生命的最后一息
5370920516,浮尘200311,男,河南 开封,,,,122,85,104,
3303732897,iamh问话u-na,男,河南 濮阳,,,,131,119,1765,我独自守候着岁月的轮回，等待那千年的梦
2568869865,jiang147的美丽人生,男,广东 深圳,,,,144,96,1001,
2702826867,欧阳依幕,女,山东 滨州,,,,209,85,1307,黄山落日
3986000229,传说的好妹妹,男,湖南 岳阳,,,,2357,277,1328,紫陌红尘，几多相思梦回
2891693823,雪儿飞飞XEFF,男,山东 滨州,,,,247,110,1084,"眼睛永远不要为那些愚弄过你的人哭泣，用它来找寻
你的真命天子吧。"
5510725453,_Ant养护,男,湖南 张家界,,,,449,88,3198,水调歌头
2900924897,Henry-陈开宇,男,陕西 西安,,,,21,107,127,台球    游泳
6357151011,葛乐欣Cornell,女,贵州 毕节,,,,578,58,2082,当你爱的人不再爱你的时候
6615187803,梦醒花落__hermitz,男,海南 海口,,,,67,39,429,
6385538222,将此发情虑,女,香港,,,,421,50,1530,寒冬里的暖
1974277781,sheng拉,女,广东 广州,,,,26214,194,5160,
6605068102,拿貞操換真鈔lhwant,女,山东 德州,,,,267,64,1600,你不必逞强不必说谎懂你的人自然会知道你原本的模样
6606033711,哭過之後接著笑古城深巷旧少年,女,新疆,,,,87,47,676,
6608235071,彡茹静逸灬,女,黑龙江,,,,171,65,1010,
6601989405,友文柏丶恶毒,女,重庆 璧山县,,,,158,69,992,想去 就走
6385590582,郎秀媚乀,男,贵州 贵阳,,,,405,66,1901,黄叶飘落的季节
5286794991,天垲筱姗奕月,男,黑龙江 齐齐哈尔,,,,314,137,2809,
6611022249,老姝好丷,女,江苏,,,,155,52,875,
6023624647,Xu幸子sweety,女,湖南 长沙,,,,1918,2574,1380,一个开心的女大学生
6610249619,是朕錯了_zhenmafan,女,江西 上饶,,,,63,44,515,
6379911068,议政脸色大省,男,广东,,,,409,108,1711,
6385894410,时段破产风物,男,贵州 六盘水,,,,457,102,1736,
6385878999,献丑两区抄本,女,贵州 黔西南,,,,454,104,1690,回忆
6359550371,不高复归红盘0,女,山东,,,,326,68,1743,
6383339438,桥英发_,女,重庆 城口县,,,,560,57,1701,曾经相爱
6862727394,丶浅瞳丶_AndyHCJx,女,重庆,,,,2,36,1333,
6380790055,大灯参事红道,男,浙江,,,,96,36,1058,
6745585225,用户6745585225,男,其他,,,,21,113,2747,
6370776016,承悦662,女,重庆,,,,470,70,1753,有个男孩的女友失足掉进水里，他急忙跳进水里去寻找
6346433283,毋语松这,男,山东,,,,451,106,1861,
6368859349,顾淑贞乚,女,四川,,,,363,66,1659,晴天
6358919454,宛菱肋,男,台湾,,,,389,54,1282,
6221439024,蜕变易水血型7,女,四川,,,,492,62,1901,
6388504473,做媒坚挺三双fu,女,青海 海南,,,,394,108,1916,
6518260778,clip单恋6518260778,女,海外 印度,,,,6,283,4827,
5544599124,美丽誓颜比巴卜,男,北京 东城区,,,,408,12036,1181,QQ/微信：245900257 美丽誓颜芭莎红诚招合作伙伴！
6221214754,赫本成群而走,男,辽宁 营口,,,,390,17,879,悼冥词
6383338737,层面不啻金钻,男,香港 其他,,,,470,22,1034,
7010554343,惺卣筒暇禄749,女,香港 观塘区,,,,0,53,3727,
7040109673,急韧耸孛菲113,男,安徽,,,,0,42,4763,
3982138436,没你依然晴朗,男,陕西 延安,,,,2691,332,1425,教育之于心灵，犹雕刻之于大理石
7075411714,喜猿酝孟倩830,女,辽宁 鞍山,,,,4,35,4869,
6380065127,夥伴逃去赌债,女,云南,,,,457,118,3556,
6202864626,旅鼠声张顺民,男,云南 曲靖,,,,599,173,4162,
6366398541,双子座的d18,女,重庆,,,,465,165,3533,想你的时候你在想着谁呢？
7010363393,尘斗毫诳灼873,女,福建,,,,0,57,4894,
5752342758,r连年年,男,四川,,,,473,119,3558,
6024032684,爱吃慕斯的慕斯dreggy,女,北京 海淀区,,,,522,183,3099,向来不是坚持的人何必执着到老死不相往来
6921985914,址苯盅烁局904,女,黑龙江 哈尔滨,,,,32,43,1271,
5999396173,哽咽汽摩岳飞,女,上海 宝山区,,,,575,201,3313,
6005140573,防伪阿妹三爷,男,北京 海淀区,,,,548,193,2846,黄昏
5746229681,危布凡Malcolm,女,江苏,,,,596,163,3446,低调做人是一种高超的处世谋略，低调做人绝不意味着卑微
6035615129,四册计酬行令,男,福建,,,,562,157,3080,
5975264085,御姐晴雯范呵呵537,男,四川 资阳,,,,536,240,3013,丽江，我的故乡
6032318656,虚假哀怨兴3SKS,女,广东 梅州,,,,696,182,3471,
6300421475,迟暮西科洒脱L,男,陕西 咸阳,,,,548,106,3709,
5943407581,可悲地闽淼淼,男,广东 肇庆,,,,561,222,3093,
5996140974,Array霉,女,四川 南充,,,,570,186,2934,平民（外一章）
5992892670,敬暖梦乀,女,重庆 渝北区,,,,547,207,3019,走出人生的沼泽地
5969470810,惊吓忆恋惊恐,女,广东 云浮,,,,508,183,3020,
6035871547,不齐应力小豆,男,广东,,,,506,159,3005,
6215058114,起降治病第四,男,云南,,,,763,86,3511,
2614720592,纤弱地尚宏逸414,男,北京 通州区,,,,558,187,3613,现实是此岸，成功是彼岸，中间隔着湍急的河流，兴趣便是河上的桥，只要行动就可以通过
2158818811,Mr·熙,男,四川 德阳,,,,779,254,3636,遇上公主遇上爱---写给老婆的求爱日记
5764548832,岛国之夜u,女,北京 延庆区,,,,577,192,4504,
6028168621,孤零零的光_,女,四川,,,,560,194,2962,你说过牵了手就算约定，但亲爱的那并不是爱情。
2885692517,炜的一见钟情,男,山东 青岛,,,,684,209,3271,请把微笑留下吧
5744764811,h硬度直,男,上海 虹口区,,,,557,161,3553,
5944095295,束蔚蓝Phil,女,上海 杨浦区,,,,549,204,2883,最近的生活
5974793369,定俊远华贵,男,吉林 辽源,,,,585,229,2936,做一个简单的人，踏实而务实
6012930867,缠绕蜡黄崇拜发4YA5,女,四川 眉山,,,,566,204,2996,
6023285969,橘子丶加葡萄,男,江苏 南通,,,,965,277,3131,我有一个只能看资料不能添加的好友
5941368257,取舍从办,男,福建 三明,,,,511,179,3094,
6029866745,推掉这只力克,女,山东 烟台,,,,568,190,3263,
6859169020,aM卡布奇諾_Elva,女,河南,,,,5,64,1507,
5993794314,母书语乄谦和,女,四川 内江,,,,574,198,3219,牵手来生
6638388538,暖若安阳_cole,女,山西,,,,2,132,4920,
6868647629,怨悔_QIUx,女,广西,,,,6,39,648,
6023686071,想请二层提水,男,北京,,,,533,173,2956,
6380937409,立法破产原味,男,内蒙古,,,,376,104,3101,
6851072702,朱唇宦单崇_gxys,男,云南,,,,0,32,385,
6636757921,笨小蛋__rje,女,云南,,,,2,157,4858,
2102999433,度娘白痴不解释,男,四川 巴中,,,,956,196,4459,暹罗之恋
6301783463,拘捕夜空欠钱c,男,上海 徐汇区,,,,483,113,3430,
6201152885,张骞求出沙砾,男,上海,,,,634,153,3990,
5756575986,yinhexinweie,男,江苏 苏州,,,,429,125,3189,
6362928002,坚强的d19958,女,山东 潍坊,,,,441,107,3644,事已至此！
6376772684,阴平鲜血翻本,男,四川,,,,366,137,3248,
6300715379,撑起宋s鹰刀,女,安徽 滁州,,,,275,87,2621,
6359725042,香容丢,女,山东,,,,472,107,3508,
6203240098,山石施琅桃树,女,辽宁,,,,406,121,3226,
6301795810,率达听候出国Lu,女,广东 汕尾,,,,317,80,2412,放弃并不是坏事
6661833460,唯你是命_meilrlk,男,湖南,,,,0,101,2188,
5554199699,鞋途人生架住,女,山东 淄博,,,,740,244,4235,别让自己活得太累应该学着想开、看淡，学着不强求，学着深藏
6028258276,吞_拿鱼爱阅读,男,河南 许昌,,,,322,153,1692,来日再聚 再把回忆下酒.
2685954947,碧落凝寒舞恮,男,辽宁 大连,,,,1,103,848,
6654125384,用户6654125384,男,其他,,,,3,88,1456,
7202717207,LCgR2-黄飞鸿wed,女,上海,,,,6,29,2719,
6317403056,整齐骄市,男,上海,,,,422,107,2624,
6923220441,观澜荷塘月色010,男,四川,,,,4,77,4545,_
7009230925,了厦腔煞巴970,女,黑龙江 双鸭山,,,,0,52,4886,
6283629892,醉梦流浪2020,男,北京,,,,119,3952,364,是否该波澜不惊 还是应该义无反顾向前
6301175790,续集计委舅舅s,男,四川,,,,433,126,2864,
6295123712,脱掉洗剂跑动sy,男,福建,,,,406,158,2751,
6847905394,W丶_贱止境,女,重庆,,,,0,58,1307,
6903360382,ztq1826dj,男,海外 美国,,,,2,56,920,
6863747644,用户307522049721,男,北京 东城区,,,,41,30,911,
6295125337,看在愈多施政p,男,北京 石景山区,,,,388,161,2810,
6852385699,丹波辱晒_pquv,男,西藏,,,,16,110,4854,听闻你后来混得风生水起 可我还是喜欢当初那个与世无争的你
6864618874,凉心少年_Chen26,女,山西,,,,8,97,1950,
6323812702,巧嘴楼递,男,浙江 宁波,,,,543,151,3198,
6361732656,锐藻啃,女,四川,,,,328,103,1628,
6295095886,很香毛呢帽子BX,男,辽宁,,,,661,191,3604,
6300422616,河水狠下远出k,男,北京,,,,345,143,2691,
6609147551,用户2246224515,男,北京,,,,0,98,4958,
6712341446,用户6712341446,男,其他,,,,20,146,2742,
6575199467,余音未散___Jansny,女,福建,,,,1,151,4911,
6607954841,用户2200333476,男,北京,,,,0,42,2087,
6025427179,桐m宝,女,天津 塘沽区,,,,984,171,3857,整个世界你在就好 余生只望岁月静好
6298176720,凑钱严谨吮吸9M,男,北京,,,,515,164,3106,
6207785146,水肿请缨崇洋,男,北京,,,,579,98,2475,
5224587509,江满愁姐,女,其他,,,,8,1463,4878,
6330062052,秀美953,男,河南,,,,728,132,3269,
6301787801,锥子颂扬并举u,男,山东,,,,470,161,3429,
6302958361,干瘦凤反,男,广东,,,,523,180,3163,
6317748519,耦合报国名节,男,河南,,,,358,113,2450,
6021310372,整洁单位夕颜恳0VMQ,女,吉林 白城,,,,710,96,2782,
5722293131,任教凸点海德,女,上海,,,,569,160,2854,
6202609729,卖空贫寒纯利,男,陕西,,,,716,144,4077,
6353324250,4R21a2N74hm,男,广东 清远,,,,361,168,2668,"这个人很懒,什么也没写!"
6587285607,用户0293556594,男,北京 东城区,,,,7,117,3894,
3956597552,白色蜡笔的婚礼坤,女,海南,,,,13054,465,2224,朋友你好，麻烦你更换手机，现在这个手机号我用着呢，我需要注册，谢了。
1256552720,五头猪吃木头的秘密,女,江苏,,,,11,235,4948,
2993154197,油小曾巧鱼坾,男,黑龙江 哈尔滨,,,,3,66,1378,
6295060757,唱吧狱警旅途6,男,重庆 涪陵区,,,,404,186,2811,
6202774857,难色坠子吹出,男,广东,,,,438,158,3218,
6298087004,向高和善不复1,男,湖南,,,,515,108,3354,
6301829131,乘隙数量剪去,女,上海,,,,472,134,3322,
6329992471,落寞常杆,男,广东,,,,484,171,2987,
5746137872,V赵采香也,男,浙江,,,,581,165,2722,
6204144648,病魔颌骨机壳,男,四川,,,,609,146,3702,
6304662484,拍了一言仍未0,女,陕西,,,,473,105,3770,
6539359330,Commitmetsul99,女,海外 法国,,,,28,204,4899,
6334964542,穿行钢圈广西,男,北京 平谷区,,,,504,159,3020,随感
6478478958,勤劳的水色6478478958,女,河南,,,,209,122,3585,
6462799344,回忆的怅然大魔王,女,湖南,,,,137,165,4160,
6333572927,思恋Yvonne,男,海外,,,,51,219,3722,
6304163599,网间宣布疾书Ro,男,山东,,,,430,106,2849,
6297237959,金睛弊病运达O5,男,广东 梅州,,,,416,83,3453,
6304630149,至尾半球摊销a,男,广东,,,,512,140,3234,
6298292678,邱永昌客气,女,陕西,,,,486,156,3344,在家靠父母，出外靠朋友
6202610836,联队鼻窦从小,男,湖南,,,,693,123,3281,
6304864524,宠儿-散伙锰矿,男,福建 莆田,,,,359,85,2697,
6300463413,支票攥住不同8,男,上海,,,,387,139,2683,
1844214582,论文辛,男,海外 英国,,,,1919,610,1236,Por que no?
5894788564,清炒大白菜,女,其他,,,,74,65,538,
7306840013,建筑资质咨询316,女,其他,,,,7,5,237,
7038031831,北京华祐蒙泽服装服饰,男,北京 朝阳区,,,,5335,10548,5551,主营：职业装定制，男女西装定制、礼服、工程制服等。服务电话：400-150-2542，www.huayoumengze.com
6989497685,皮哥1971,男,山西 太原,,,,15,164,713,嘉陵江畔迎朝阳 昆仑山下送彩霞
3119885147,Gnaw莉,女,山西,,,,2798,294,739,为了一个没有结果的结果而执着。。
3815969784,馨晓晓,女,北京,,,,1865,1027460,8703,学微博，就到天使学“www.tianshixue.com”
5307763735,用户5307763735,男,北京 海淀区,,,,18,22,26,"one way up, no way out!"
6588684322,用户6588684322,男,其他,,,,13,3,205,
2539389605,省钱助手丶,男,其他,,,,717,2202,564,领天猫优惠券，省钱购物
3942917446,爱上一座城从心开始,女,其他,,,,187,211,473,来不及化妆，至少来的及微笑.
3906420617,指尖上的信用卡,男,河南 濮阳,,,,616,66080,16671,超级管家，积分兑换，预订机票，酒店，办理各种信用卡，免费领取pos机。VX: 1312338312
6770191549,lf小时候披床被单就为王106,男,北京,,,,1,148,81,，
7214514621,用户7214514621,女,浙江,,,,47,16,803,
6497039686,潮鞋_王心凌,男,其他,,,,816,347,3947,亲善产生幸福，文明带来和谐。
6923333403,敌职秩滦辛852,男,台湾 台中市,,,,0,43,4189,
6525503633,潮鞋驿站8074,女,河南,,,,546,390,3958,
6456770276,潮鞋驿站8049,女,湖南,,,,584,298,4054,
6529115163,潮鞋驿站8099,女,湖北,,,,517,1948,3954,
7009947469,绞坪沽的滦412,女,浙江 杭州,,,,43,62,4446,
6065617489,牵绊你懂得_,男,浙江 杭州,,,,5370,16391,3961,微博不定时在线，Ｖ信：15659578690
7041444769,Nike潮鞋部落630,女,其他,,,,354,166,932,买鞋请加我Ｖ信: NB8620
6864168014,凌寒丶周z,男,甘肃,,,,0,58,3706,
6891072906,冉鼓运咆牡929,男,西藏,,,,0,83,4929,
1442671777,喵本秒超晣,男,辽宁,,,,2,67,2771,
6884437530,用户4751029564,男,北京 东城区,,,,5,38,1483,
6883411998,消鱸丶dylls,女,新疆,,,,6,60,1471,
6870526276,沧笙踏歌丶Rita,女,云南,,,,3,16,875,
6874836719,水墨年华丶ffay,女,辽宁,,,,10,26,822,
6862025722,与爱绝缘_dreamer,女,重庆,,,,6,243,4834,
6409875758,胖妞儿杀手,男,陕西 西安,,,,188,368,2032,排骨精勿扰
6873583403,棠睢丶Tetley,女,山西,,,,9,12,430,
5720572651,华夏易道公司,男,广东 广州,,,,154,354,1069,华夏易道商学院是一家以知行学为特色、以转型升级为核心、以区块链等最新的前沿专题培训为扩充的商学院，努力成为知行果合一的转型升级首选商学院
6863637841,逗比症____Tina87,女,广西,,,,6,54,1694,
5693785937,UNHPSSCC-UN人类公仆精神,男,北京,,,,372,1283,6721,UNHPSSCC•联合国人类公仆精神文明委员会•HPSSPABOD•人类公仆神圣奖评审董事局·主席/ 注册：UNESCAP•联合国总部秘书处∥人类哲学•《中华宗谱》/
5446882417,旸瑫,男,其他,,,,99,407,1982,"一个烹文取暖,煮字疗饥的生活家. 文字散见报刊杂志及网媒. 微信公众号:旸瑫 QQ(微信)69421456"
6861182346,冰是睡着的水丶彡,男,湖北,,,,0,100,1513,
2065274767,上海隆誉禄贸易,男,上海,,,,46777,17040,11872,精时尚女士牛仔裤，喜欢的朋友们来看看吧！
5818928760,只想当仙女吖,女,湖北 十堰,,,,317,131,160,
6667121972,励志做一个早起的小仙女,女,其他,,,,643,115,693,念念不忘，必有回响
6498188089,悠悠岁月-v,男,内蒙古 呼伦贝尔,,,,120,328,834,不悔过去~不惧未来~不负当下
6734061944,愿我长如少年时,女,安徽,,,,23,328,105,
6403231907,西安唯一视觉婚纱摄影工作室,女,,,,,3802,11332,596,TEL/微信：15991435715西安唯一视觉婚纱摄影成立10年以来，筹建了拉菲圣殿皇家会馆实景基地，十大外景主题 《韩式》《轻欧》《纪实》《法式轻奢》《爱丽丝庄园》《高贵典雅》
6017294912,西安费司婚纱摄影,女,,,,,6024,83333,17793,西安费司婚纱摄影官方，咨询电话：19909261257 投诉电话：18092903666
5780840927,西安FACE摄影,女,,,,,820,205,3198,每扇门的背后都有一个世界
5623053584,哎呦添妈,女,海外,,,,0,887,665,
6024053472,懈怠的仵丨棂镳Zero,男,上海,,,,249,106,1424,人的最高境界：把自己当别人，把别人当自己
5777377687,魂图仆羊沉,男,广东 揭阳,,,,631,182,2982,
5996008087,叶思怡马虎,男,浙江 嘉兴,,,,561,200,3015,岛城的雪
5178576387,原来都是巴哥我以为z,男,广东,,,,593,263,2824,时
2701509665,都变成纪念吧,男,北京,,,,459,124,2166,一切顺其自然，越简单越幸福
6029537612,阿根廷不夺冠不改胸腔名字,女,黑龙江 大兴安岭,,,,550,248,2343,梧桐香里是故乡
1769248384,鲍采莲_689,女,北京 昌平区,,,,556,184,3239,
6025767246,Array肌瘤,男,山东 济宁,,,,576,314,3119,泪水，化成雨下满天
5999371624,博维酥油十位,女,江苏 徐州,,,,488,211,2819,
3164091367,牛仔啊牛仔,男,广东 河源,,,,2625,282,2540,人生世上风波险，一日风波十二时
3234205191,吾乃中国攻夫,女,四川 乐山,,,,2720,390,2006,木筏
3108594815,甜果卡卡露,女,陕西 渭南,,,,2787,447,2394,— 从这一刻不在相信爱情、只学会了如何欺骗
3085119411,哥的贴丶不骂人,男,云南 迪庆,,,,2785,393,2156,思念，漫步在寂静的深夜
2882629613,新兴幽灵,男,新疆 哈密,,,,2792,771,2458,"　　　　　　　　　　　　 刘易阳说：有童佳倩的地方, 才是我刘易阳的家"
2944817015,暗示呗,男,黑龙江 伊春,,,,2733,271,1621,人生，一半半
1830637067,之国乁,女,海南 海口,,,,2247,461,2260,祝福你；有了幸福的恋爱
3965382846,都市不眠夜潮水,男,湖北 十堰,,,,3004,323,1596,艳阳的力量
2693995105,·乄·霛·,女,西藏 昌都,,,,2498,270,1315,记住，不是所有人都是真心所以，不要那么轻易的就去相信
3069648553,何以如旧颜,女,湖北 黄石,,,,2897,365,2109,爱情不是花荫下的甜言，不是桃花源中的密语，不是轻绵的眼泪，更不是死硬的强迫，爱情是建立在共同的基础上的
3970969905,芳香的理疗,男,四川 达州,,,,3130,368,1270,书籍是人类思想的宝库
3060135323,此吧人真欠,男,上海 奉贤区,,,,2992,329,1625,从猎鹰人说开去
3987577071,醐撸娃,男,上海 卢湾区,,,,2959,294,1554,别再，让泪水滑过你的脸
3992235448,坚持到底sada,女,山西 忻州,,,,2975,384,1590,生命是一种过程而不是一个目的
2829251433,小徕山,女,江苏,,,,2781,652,2266,一封永远不会寄出去的分手信
2884451027,同意并提交啊,女,浙江,,,,2861,535,1848,我想知道这些仓皇南飞的大雁带走了谁的思念
2940505423,橙色的路灯,男,澳门 其他,,,,2500,576,1509,谨以此诗献给六年前因患精神病而离家出走的三叔
6299245851,创小胜倍率8,男,江苏,,,,454,109,3602,
6029458102,Array先占,男,上海,,,,478,179,3082,难得闲情来赏雪
6027100607,循环样了试训,女,广东,,,,494,172,2785,
6025970492,练绍丽_714,女,江苏,,,,478,160,2653,感动不是心动 将就不是合适 你要清楚这一点就不会那么难放手
6034655710,潘衫后思春吵,男,上海,,,,495,171,2789,
6026929132,暗门议案沾着,男,湖北,,,,508,170,2890,
6034406344,介飞语364,男,上海 奉贤区,,,,516,224,2862,溶溶月华寄诗情
6357371268,德法亚历本息,男,北京,,,,282,78,1320,
6023840886,七年年的细爱,男,北京 顺义区,,,,371,141,1866,爱很简单 三分喜欢 七分珍惜
6015686375,懦弱贝博赡Lee,女,北京 大兴区,,,,630,178,2276,破镜重圆终有痕
2884377617,虎一嘉乚,男,北京 宣武区,,,,803,188,3733,包容不涉底限的所有
6023422576,也是水寒plute,女,北京,,,,535,167,3201,"眼泪不适合与爱情配对,总有一天你会为它后悔"
6035167977,归位熟了偶像,男,北京 昌平区,,,,579,190,2947,
6026985622,绝魄heckle,女,上海 奉贤区,,,,528,213,3107,我喜欢来日方长这个词 它总不会让我失望.
5969864765,文弱情恋绚,女,四川 遂宁,,,,550,178,2954,
5722369426,打杀而坐旅游,女,四川 眉山,,,,545,141,3438,
6027524209,粉红孤独绚烂花4GJ2,女,广东,,,,857,148,4120,
5992994744,乏味蒙飞鸿乀,女,重庆,,,,576,218,3212,第1314个漂流瓶
6005828101,Ene777L,女,四川 成都,,,,587,201,3230,在你没有任何喜欢的人的时候 过得是最轻松快乐的 尽管偶尔会觉得孤单了点
5943802914,花红才做失调,女,浙江 湖州,,,,606,197,3301,
2823322351,是否忘记_,男,北京 延庆区,,,,838,236,3309,正如故乡是用来怀念的，青春就是用来追忆的
2834686591,馬荚士兵2,女,上海 嘉定区,,,,857,211,3427,缘聚缘散，红尘如梦
6366334209,古怪的l1333,女,陕西,,,,486,174,3517,必然而然
6363396997,静南斥,男,四川,,,,384,115,3133,
6365739417,神甲大恒气功,女,天津,,,,263,90,2504,
6302958121,那条逼问黑莓R,男,陕西,,,,465,132,3776,
2886689731,韩竹萱店员,女,上海 浦东新区,,,,678,281,4238,百度直接面对终端客户，用的人多了，自然会对你有兴趣，然后媒体就来了——这是工作的需要”
5746491482,心情郁郁n,男,四川,,,,495,160,3540,
6301175996,采掘话儿吓着db,男,广东,,,,593,170,3857,
6340793499,侮辱心悸有章,女,北京,,,,482,133,3636,
6202599612,黄历箴言神明,女,山东,,,,515,130,4217,
6212735875,际遇谓语长亭,男,北京,,,,616,174,4165,
6203491543,养猫基色成大,男,四川,,,,371,93,3163,
1805222061,飘风2262,男,江苏 宿迁,,,,654,213,5005,
5716733904,沙漠人-李海玲Ie,女,河南 开封,,,,455,165,2407,送给我想的人和想我的人
6375704611,魁梧地杨璠瑜,女,山东,,,,399,112,3229,
6376771647,善变荧屏志明,女,四川 广元,,,,390,115,3376,青春飞扬，梦想起航
5719502155,破土的豆苗2H,男,江苏 盐城,,,,722,187,3457,静夜如诗……
6304246495,霜蔓蔓He,女,北京,,,,398,111,3439,
5716610338,司空嘉盛主动,男,北京,,,,516,152,3198,那一段血浓于水
6300582901,北媚人河豚9K,男,上海 嘉定区,,,,429,104,3276,
6364819057,olivan金宝宝水灵灵,女,广东 阳江,,,,443,120,3384,
6380153474,宠溺贴歌兹,男,四川,,,,404,120,3149,
6380150987,可做纠察名号gh,男,天津 南开区,,,,392,127,3273,
2889380275,牛肉米粉培训,女,广东 佛山,,,,666,238,5006,故乡，故土，故人
5991927783,玉猴年面小飞龙00,男,上海 嘉定区,,,,630,256,2952,小妖学骑车
6300922588,新著有点刷牙t,男,上海,,,,487,115,3581,
6375663120,自娱圈地秋阳,男,北京,,,,443,108,3531,
5743055074,叁眼籽I,男,吉林 四平,,,,450,135,2468,
3912719172,仅秒秒白蜡,女,福建 莆田,,,,735,251,4616,"人只有献身社会,才能找出那实际上是短暂而有风险的生命的意义"
6203238384,泵阀勋王位e-,女,安徽,,,,399,86,3310,
5964214786,顾裳河内,男,浙江 杭州,,,,517,204,2838,
6291345216,可在男婴匠心5,男,四川 绵阳,,,,506,109,3270,
5963761629,微小天高昼夜思,女,四川 雅安,,,,691,223,3029,
6380066494,遇敌仲秋打进1,女,山东,,,,485,163,3532,
6352166991,怎知它会娇躯,男,北京 昌平区,,,,469,136,3619,唇齿相依关共运，戚欣与共胜天伦
2087978771,老毕日记,男,四川 自贡,,,,840,288,3320,
5964090671,浴兰多少花粉,女,陕西 榆林,,,,571,219,3144,
6301754052,我恨劈手自编YL,男,江苏,,,,468,108,3409,
5203737687,萌宠生活头条榜,女,上海,,,,10591,9909250,710,【100%好评萌宠资讯平台】每天分享各种萌宠物趣事，爱萌宠的童鞋记得关注我哦~
5969802976,寥寂激情K80Y,女,四川,,,,511,172,2779,
3025968285,含片虐待换气,男,浙江 杭州,,,,502,176,2914,
5997921152,省市丫脚本,女,浙江 丽水,,,,503,174,2855,
2651026077,阿四在这,女,广东 韶关,,,,690,175,3700,
2496156654,好强阙阳霁,男,上海,,,,572,181,3133,心愿
6019792169,管蛙贪大久,男,江苏,,,,542,234,2712,
5991599712,訾修诚Hazel,男,北京 怀柔区,,,,501,220,2935,你怎么会明白
6868249520,用户3507398280,男,北京,,,,125,109,3485,
1468690704,beijingCRV,男,北京 东城区,,,,2,74,183,心思缜密 心态俱佳
5992510490,占嘉瑞_Jill,男,广东 韶关,,,,494,195,2870,游浪
6034918313,侯玉珂_放荡,男,北京 西城区,,,,197,93,1513,这样的女孩请别让她受伤
6258648064,私人健康定制专家,男,云南 昆明,,,,223,615,4272,
5970402578,闻人慨葬,女,浙江 台州,,,,525,169,2954,
6913708727,H改革创新Y,男,北京,,,,220,596,3202,
2899307117,盖安安乄刻苦,女,浙江 温州,,,,783,196,4610,像风一样自由
5312067043,冠名四海,男,山东 烟台,,,,361,668,3954,摄影爱好者
6020294441,五玉泽丨瓦匠,女,广东,,,,238,116,1327,人生就像一盘棋，举棋容易扶择难；观棋容易不语难
5964245923,印垃括福永峡,男,福建 泉州,,,,593,155,3218,
6869931103,用户3508887796,男,北京 东城区,,,,122,133,3235,
6031500914,惧怕悲伤L0UD,女,北京 通州区,,,,586,94,1389,
2269646620,青鸟已会飞,男,广东,,,,645,224,3030,
6008671941,零落思绪朱唇思5VZC,女,山东 青岛,,,,562,195,3009,
2728516561,冰山雪莲肾虚95628,男,江苏,,,,420,178,3791,人生几度秋
6027521887,一条青蛙他早嘎嘎嘎,男,山东 东营,,,,568,248,2975,此夜寂寂
6890046595,段补复渍虑499,男,海南,,,,0,80,1410,
6884424937,不复当初丶JQ,女,广东,,,,14,35,1267,
5992086078,红灯时变身大考,女,浙江 丽水,,,,575,221,2844,过去的，再也回不来
6744431764,用户6744431764,男,其他,,,,6,171,3103,
2954054755,小洞天火锅店,女,香港 其他,,,,2364,281,1445,再续，雪花
2893433165,建业__雨轩,女,吉林,,,,2257,356,1665,细腻与风雅原是朴实的人必然具备的长处，在他身上使他的谈吐更耐人寻味，不亚于主教的辞令
3969327941,满兴文丨窝囊,女,海南 三亚,,,,2962,381,1455,好雨落在荒田里
6301803189,申领增长求医S,男,云南,,,,495,110,3482,
6301770502,此例等值益寿-,男,陕西,,,,407,149,2895,
6301344074,打人y花种性网,男,四川,,,,335,102,2224,
6199322923,殉难游鱼稳步,男,四川,,,,822,157,3532,
6297161441,纵馨香丨矮小,男,上海,,,,483,165,3409,干鱼山的来历
6304088168,嬴翻三售货员,女,北京 宣武区,,,,507,144,3393,天空，请不要为我哭泣
6298081233,偏方人事白首Z,男,四川,,,,414,171,2765,
2778679394,lisalixuan,女,山东,,,,494,107,3647,
6204091406,共约农奴大了,男,浙江,,,,578,185,3549,
6339118213,水文曲面骨肉,女,重庆 垫江县,,,,294,100,1011,
6298287963,奢华裴悠雅Heather,男,上海,,,,529,172,3152,不说永远是春天
6361393734,清秀敬效僚,男,浙江,,,,465,72,1695,
6322900184,走俏村屯o雪片,男,上海 卢湾区,,,,428,209,2548,梦 不如现实
6199051333,梅斯远视梅尔,男,福建 三明,,,,509,190,3844,
6298093106,螺旋骗钱城外Rm,男,云南,,,,540,199,3108,
6304720418,恭智美Janice,女,山东 青岛,,,,532,120,3465,美丽的心灵，像格桑花一样幸福
6298080951,磨制索赔多余h,男,北京,,,,565,168,2987,
6349827794,4V1AH32j2D0,男,北京 东城区,,,,372,98,2187,"这个人很懒,什么也没写!"
5767994941,K黑框红豆,女,北京,,,,486,165,3161,
6349309444,4Yv7BJKa7C3,男,广东,,,,515,193,3471,"这个人很懒,什么也没写!"
6194224265,前期小岛明州,男,上海,,,,495,139,3459,
6301790371,挡板心水硬币F,男,四川,,,,390,132,2866,
6301762629,球市丫跟随,男,湖北,,,,560,165,3414,
6296560830,恼火掌朗,男,上海 黄浦区,,,,321,148,1773,
6470710185,名牌潮男奢饰品复刻,女,北京,,,,9938,22178,14882,关注V信：SSSCPFK，欢迎加入名牌潮男奢侈品复刻，每日更新新款，微博评论不回复，欢迎各位亲关注微信，带图询价
6301386055,粘膜某甲劝诫,女,天津,,,,573,65,1757,
6199306982,鸿炒面搭拉,男,北京,,,,569,160,3682,
6208041812,外话不轨内需,男,辽宁,,,,439,160,3198,
6335983571,小摩托46993,男,陕西,,,,357,189,2597,
6303295043,狂星辰谦卑,男,山东,,,,394,92,2178,回想我的另类朋友
6313617630,骄傲的尽心尽力ciqq,男,辽宁,,,,436,153,2514,
6203166214,路标苏速龙,男,上海,,,,337,105,1850,
6364576527,承悦讳,女,广东 汕尾,,,,379,88,2065,
6299300489,壤驷敏叡灬,男,四川,,,,465,69,1883,
6342941849,兰咏志灬,男,广东 江门,,,,491,64,1894,
6358471576,汤滕茂才瞒,女,北京 怀柔区,,,,391,136,2300,
6334274386,押往带领旋翼,女,重庆,,,,459,205,2796,冬天的校园
6331081045,星空9931,男,安徽,,,,478,156,3284,
6303038723,卫博学Benedict,女,河南,,,,432,91,2102,秋怒
6295111729,自利热招接获Q,男,陕西,,,,467,123,3253,
6210600782,燕青惭栽倒,男,浙江,,,,492,185,3214,
5760351605,baohanyuganyu,男,山东 滨州,,,,398,123,2039,
6342565135,往事rectangle,男,河南 信阳,,,,451,147,3177,
6301167045,则因碧蓝冷食h,男,陕西,,,,436,163,2955,
6334581522,老鹰铭记张家,男,北京,,,,397,155,2659,
6300937529,先发分明猛撞AA,男,广东,,,,388,109,2369,
6334597064,孙灵韵Dawn,男,云南,,,,475,130,3138,不管先人是多么富贵，一个败家子就足以损坏门楣
5764541069,E熊牛王,女,北京,,,,657,229,3292,
6300852544,及时遣返归宗iY,男,浙江,,,,493,119,3532,
5767791453,牛水井G,男,云南 保山,,,,484,147,3069,
6301015584,燕青养气东临f,男,浙江 台州,,,,372,102,2262,
6199135017,荧幕所授悟空,男,福建,,,,516,160,3254,
5758554242,xidiandiaosegu,男,陕西,,,,441,156,2170,
6299258842,孝道乱讲耐心2-,男,湖北,,,,430,149,2862,
6302037402,逵去声种羊xF,男,上海,,,,530,119,2873,
6302949545,墩吞服更要mp,男,上海,,,,593,153,3171,
6304802848,娇娆陀文轩,女,上海,,,,571,176,3383,爱…
6340013135,只待截击由谁,女,北京,,,,334,106,2322,
6299305170,已到却让竖立VN,男,重庆,,,,457,166,2666,
6342109674,费高达爹,男,湖北,,,,465,37,1669,
6221175126,呼市丸子会众,男,北京,,,,521,86,1769,
6361643671,衡水薇看,男,上海,,,,334,153,2417,
6298134195,在学证人淘汰GD,男,山东,,,,536,158,2825,
6304825302,法丝琦Ivan,男,湖北,,,,543,215,3340,劳动是社会中每个人不可避免的义务
6339182025,秉烛想走批量,男,重庆,,,,424,158,2493,依窗听雨滴答滴答
6205756010,游遍认清脱贫,男,上海,,,,511,203,3134,
6301360095,和睦f7品行诸生,男,辽宁,,,,459,185,2683,我在坚持什么
6379531133,西毒花上失明,女,四川,,,,422,82,1639,
6296975828,泽东经纬饭吃qB,男,浙江,,,,505,152,3466,
6297061132,到货融解万寿Ly,男,河南,,,,429,171,2776,
6295327365,讨饶博会吹熄Ba,男,上海,,,,489,154,2772,
5756339525,权珍宜w,女,山东,,,,384,154,2426,
6298043634,呼延破例托付xr,男,河南,,,,521,164,3301,
6346139670,柳酆雪桃搐,男,重庆,,,,498,51,1664,
6602404844,浅笑静听_PPT操,女,江西,,,,456,10194,4066,
6301780624,贫困铺面婚庆4,男,天津 和平区,,,,483,169,3387,
6364773687,度旷淳雅奄,男,山东,,,,350,102,1876,
2163607997,愤慨的童欣美Rudolf,男,福建,,,,299,158,3768,有时候，希望时间为自己停下，就这样和喜欢的人地老天荒
6303004105,天真笪丷中仕116,男,北京,,,,632,173,3151,
6301165031,则用传道引起X,男,江苏,,,,480,182,2920,
6295127398,全貌唐风文职t,男,上海,,,,562,161,3574,
6210466770,趁势年逾论谈,男,上海,,,,617,129,2795,
6380914819,怎敢赞美交互,女,浙江,,,,349,92,1748,
6345932707,榴弹宰坐吧,男,云南,,,,562,212,2557,
6868251405,用户3507609236,男,北京 东城区,,,,0,66,2337,
6761440620,用户6761440620,女,辽宁,,,,4,32,437,
6197262626,天皇齐声双打,男,山东,,,,719,145,3472,
6386677092,往西县立馄饨,女,山东 日照,,,,508,60,1810,
2911028020,陀闲丽灬,男,陕西,,,,273,97,1248,编造谎言的人撒的每一次谎不只是自杀行为，而且还是对人类社会的健康的伤害
6884485208,凉城古巷丶starsH,女,河北,,,,7,58,1511,
6937226180,郁乜_xijun,男,广东,,,,16,96,283,
6888583048,岁月静好丶KgArthur,女,广东,,,,3,59,1335,
6301371973,旅鹏赋灬抑郁,女,四川,,,,488,70,2229,
6202684633,源源尿痛内里,男,安徽,,,,616,193,3844,
6745470747,用户6745470747,男,其他,,,,8,118,2279,
6295138298,亟欲光带系辞jN,男,四川,,,,441,152,3036,
6304605209,侵袭紧固总舵kZ,男,山东,,,,518,171,3568,
6298027257,靓妹套圈发给d,男,贵州 贵阳,,,,322,111,2436,
6202595356,日美弄到国研,男,山东,,,,538,152,3807,
6341730617,唐僧vein,男,重庆 南岸区,,,,245,87,1640,
6364281670,茆醉春劣,女,辽宁,,,,497,176,3019,
6196875316,吃屎梨涡两派,男,重庆,,,,427,196,3264,
6297997104,谅绝顶就上d,男,河南,,,,582,149,3413,
6301104052,将该爽口卉mP,男,云南,,,,417,146,2717,
6304611009,裔德义_285,男,广东,,,,467,118,2685,妇女教育的不可动摇的目的就是养育子女
6359712528,念萍教3,女,内蒙古 兴安盟,,,,153,37,673,
6301893276,全会赢利套图Cc,男,上海,,,,424,175,3010,
6291319720,夹住右手远房VA,男,北京 东城区,,,,561,124,2991,
6297052081,鉴别那座残片_,男,北京,,,,447,119,2779,
6208019124,烂漫普桑北村,男,上海 崇明县,,,,843,153,4343,
6295071928,松松才略中报F1,男,山东,,,,548,177,2885,
6301008305,磷酸防军竹林2,男,湖北 咸宁,,,,468,116,3197,
6364222105,盘子昂劳,男,北京,,,,399,98,1781,
6645219517,罷菰_Tii,男,湖北,,,,0,63,1325,
6295206119,仍为孙莉认作t,男,陕西,,,,494,115,3179,
6296973625,尘世符陵,男,北京,,,,518,147,3237,
6304838562,丿睢惠丽厚道,女,陕西 宝鸡,,,,481,202,3306,如果爱了，却爱在不对的时间
6299107317,认错市人罪名c,男,四川,,,,422,172,2777,
6321294003,静谧治捕牲底,男,江苏,,,,465,131,3112,
6381595203,典雅灵媒崭新,女,广东,,,,564,85,1756,
5743332009,F爱斑点,男,云南,,,,484,210,3057,
6205316463,喏瞧得巴赫,男,上海 静安区,,,,466,194,3006,
6353266153,4iT4L24n6Of,男,北京 宣武区,,,,365,131,2738,
6202983110,权术级差朝贡,男,北京 门头沟区,,,,490,171,3334,
6301795838,王庄续粗豪Dy,男,广东,,,,588,113,1949,
6329995174,英姿勃勃345,女,上海,,,,556,161,3326,
6331787480,脆皮肠8557,男,福建,,,,336,150,2600,
6353296233,4gTI0U4SHZ2,女,江苏 盐城,,,,499,133,3259,"这个人很懒,什么也没写!"
6204300258,情报速当你,男,安徽,,,,515,144,3238,
6300994590,亲朋同姓充值JQ,男,四川,,,,451,149,2781,
6301180472,尽收抓牢蹲下P,男,四川,,,,410,138,2582,
6330325061,苏菲7555,男,江苏 扬州,,,,404,182,2503,
6212723032,轻重中找火网,男,上海,,,,489,200,3175,
6297055406,刑琦森镇定,男,重庆,,,,598,166,3443,201314，幸福不只在这一天
6300434252,人大沿街才智3T,男,山东,,,,411,187,2661,
6194264675,代用专事内因,女,山东 滨州,,,,578,133,2541,
5748678916,W石清幸福,男,辽宁,,,,524,181,3144,
2885970065,七丁山卡卡头的,男,山东 滨州,,,,322,181,1930,行路难
6300501498,商号傣皮卡1,男,北京 东城区,,,,553,145,3064,
6201285542,档身负箱,男,天津,,,,755,260,3682,
6203708481,柴克厚波超庆,男,广东,,,,662,193,2762,愿你惦念的人能和你道晚安 独闯的日子里不觉得孤单
6210371896,叉腰老在疑惑,男,上海,,,,713,155,3298,
6361770576,甘昂熙闽,女,山东 威海,,,,407,104,2829,
6652186465,哚蕾咪_littleleok,男,辽宁,,,,79,48,588,
6506691989,明汉帝国,男,江苏 无锡,,,,2721,1250,392,诚信，善良，勤谨，用心，踏实
6295114020,非我何也幼狮3,男,北京,,,,422,143,2999,
6331781308,飘逸959,男,上海 虹口区,,,,332,103,1990,
5742876657,C讹误児,女,北京,,,,396,150,2397,
6205472050,说了矽统小叫,男,四川 宜宾,,,,575,92,2748,
6329710570,松球plea940,男,上海 黄浦区,,,,384,82,2554,
6361726948,赛静海誊,男,江苏,,,,434,173,2521,
6212480216,玩到俗家十招,男,四川 绵阳,,,,538,72,2585,
6205614087,几种趁热贺龙,男,江苏,,,,464,176,3195,
6301797211,硅酸正宫流星,男,江苏,,,,577,165,3391,明媚的早上、忧伤的旋律
6300505177,冷笑欲言床头L,男,广东,,,,441,113,2135,
6301174963,摩根标点北亚ID,男,福建,,,,491,112,2971,
6201224506,停赛盐场纯种,男,广东,,,,686,190,3399,
6349313880,404chK28dgW,男,上海,,,,415,148,2667,"这个人很懒,什么也没写!"
6204366694,为好特技投毒,男,广东,,,,873,127,3934,
6291351522,仲孙蒸发包月,女,云南,,,,500,164,3237,
6295222121,形物色料下毒H,男,安徽,,,,497,150,2614,
6295078134,成像背叛药枕y,男,北京,,,,437,181,2709,
6304078102,不错地宏温瑜,女,湖北,,,,544,167,3433,九零后的我
5746170968,e旅英俊驹,男,广东,,,,542,143,2842,
6300599635,雪佩玉243,女,山东,,,,404,142,2810,从现在开始，你只许对我一个人好，要宠我，不能骗我
6334548157,雪茄W长亭蕴藉,女,海南 海口,,,,322,87,1653,
5756279420,erlanlinzai,女,山东 滨州,,,,456,177,2761,
6304143002,成败觑浩天A,女,北京,,,,567,166,3425,
6349852421,4vd1JNg9cz1,女,北京,,,,523,153,3431,"这个人很懒,什么也没写!"
6295121328,特徵仆人够狠E3,男,湖南,,,,420,143,2710,
6203930806,慕恋6808,女,上海,,,,549,179,3578,
6342569085,清澈depression,男,浙江 衢州,,,,439,139,3221,
6365665456,v19201601,女,天津,,,,400,158,2639,爱交友
6320208796,留恋友惯请,男,湖北,,,,391,124,2469,
6332326433,砖块颐和巴望,男,四川 成都,,,,298,99,2086,喜迎瑞雪
6298164787,庞大温室追授65,男,北京,,,,383,116,2696,
5994785936,王源一笑很倾救世城3435,女,四川 绵阳,,,,329,118,1704,杂笺
3555583017,冷漠坚友卉_902,男,江苏,,,,509,269,3376,
6300312474,吓坏观止省悟QA,男,云南,,,,474,105,3523,
6302096599,免冠打响靠山k,男,四川,,,,544,124,3948,
2898275853,驻外农民工,女,北京 东城区,,,,738,201,3741,渴望占有愈多而愈脆弱
5782211292,聚涝抽钢傻,男,河南 平顶山,,,,540,198,2698,
6299068094,功绩惨白五路MV,男,上海,,,,611,149,3930,
6359533657,雨阳兼,男,河北,,,,543,116,3532,
2918553091,六钲_编辑,女,湖南,,,,359,129,1623,珍惜我们的幸福
6203231095,几折嵬腹心千斤,男,北京,,,,448,145,3395,
5688979677,师嘉毅他姨6e,男,江苏,,,,558,230,2394,萤之光
6304773891,于泽恩直率,男,上海,,,,613,112,3725,NO.22 一个关于爱的赌注
3211072272,雨过天晴之人,男,四川,,,,333,102,2274,
6028536676,芸豆蒙眼不响,男,上海,,,,484,174,2916,
6027139534,安试木子,男,山东,,,,514,206,2621,我想了无数个你回到我身边的场景可是有什么用那只是我想
5599807748,嘉陵岚,男,内蒙古,,,,106,390,4983,玩趣步吗 就是走路计步 给糖果 坚持一直 两年多以后就有钱赚了q845303798
7256991626,用户7256991626,女,陕西 咸阳,,,,0,1,23,
1736598221,fmfm5188,男,香港 其他,,,,888,282,3031,路漫漫，情绵绵。心总还是放不下一个人，还是在牵挂她...总会想起她
5975272636,孤立羽翼畅快夕,女,广东 惠州,,,,490,151,3080,
5033309932,潇洒哥的老大,女,福建 福州,,,,450,112,1583,自信，是走向成功的伴侣，是战胜困难的利剑
5102026256,Si巴斯lver的微博_,女,北京 朝阳区,,,,197,110,2851,为爱颠簸在红尘
2965401091,单于洁丷,男,福建 三明,,,,422,220,2388,草虫的村落
5995126442,静压融融呜呼,女,上海,,,,549,192,2873,
2650657257,fengqf215930289829,女,陕西,,,,385,150,2467,
6006672788,邢杨慧女双xyh,男,浙江,,,,521,200,2822,掬一捧岁月，握一份懂得
1774160713,邶思娴Steward,女,北京,,,,398,158,1808,没有结尾的结尾
5996134531,张恩好啊熙xueyao,男,上海 普陀区,,,,522,255,2770,薄缘难以深耕
3891065519,检水悦肉商,男,江苏 苏州,,,,341,173,2190,古之人，得志，泽加于民，不得志，修身见于世穷则独善其身，达则兼济天下
5012294124,还是无关痛痒,女,福建 漳州,,,,281,113,1669,归途漫漫
2835327347,宾天逸_好强,女,广东 清远,,,,685,165,3906,伟人的才能就是了解别人身上的伟大
2989915337,潶羽优作,男,四川 甘孜,,,,440,83,1807,纵横三少语录
5997254337,猎场田径猝死,女,陕西,,,,88,76,370,
5940538834,水客刚水,男,广东 茂名,,,,503,176,3311,
6025957311,nzlx03,男,广东 东莞,,,,585,282,2846,我见过春日夏风秋叶冬雪也想踏遍南水北山东麓西岭
5964075871,丰满朝夕光51A1,女,浙江 金华,,,,491,168,2779,
2706189543,和尚3344,男,北京 门头沟区,,,,622,196,4146,
5932664522,思辩腥痰徐,男,上海,,,,271,113,1199,
5975155105,上面发慌单位,女,北京 宣武区,,,,487,134,2439,
2891214297,枚圣熙乀,男,广东,,,,329,230,4710,凉席上的小蚂蚁
3975141486,偌水依蓝,男,山西 吕梁,,,,2438,303,710,落樱缤纷，香消玉殒
2765473595,大神给个撒,男,陕西 宝鸡,,,,2131,286,2003,生命似一抹黑影
3081460085,陈强张冰老婆,男,台湾 高雄市,,,,1858,346,2359,时间不能“增产”，却可以节约
3971967245,饮尘一成,男,四川 成都,,,,3007,377,1330,父亲、我心中那盏明灯
3148318717,崔丶闲庭信步,女,四川 自贡,,,,3281,295,1563,"“特别能吃苦”这5个字，我想了想，我做到了前4
个..."
5260920938,品綺豬PinkyPig,女,广东 茂名,,,,659,210,3005,每一個人 都在等一個人。
3146746381,盟家晴天,女,重庆 巫溪县,,,,2502,322,1796,生活的理想，就是为了理想的生活
3082034681,山东好社员,女,吉林 白城,,,,2755,440,2575,回首忧愁
5999571881,强壮干燥惊吓忆,女,上海 南汇区,,,,500,180,3082,
2890799781,1朵凋零的心,男,宁夏,,,,4181,413,1762,"男生们，你们要知道，吵架时最简单能让女生安静下
来的方法就是紧紧的抱着她，给她一个温柔的吻。&amp;amp;#9829;"
2824571241,Say·厮守,男,山东 济宁,,,,2454,265,1481,诗意的寄居，诗意的爱
3161129505,艺不离Angel,女,山西 吕梁,,,,3087,433,2109,我26岁的生日
1843377200,朱羽成爱李舒雅,男,陕西 安康,,,,575,242,5002,
3803090079,娜娜的檸铁轨檬萫茅,男,上海,,,,593,260,3298,准备喝酒吧
2882319703,我会起名字l,女,山东 济南,,,,3132,405,2210,"佐佐木，如果你真的看到了，希望你能给我打个电
话，哪怕只喂一下，然后挂了都可以。。。"
2347542615,jack_robby,男,浙江 绍兴,,,,644,246,4867,
1362402902,maths027,男,上海 闵行区,,,,749,314,3176,
2946979593,沉默男孩平哥,男,其他,,,,2133,327,1556,
3279486613,鼎好依B,女,天津 红桥区,,,,2375,256,2560,笑笑
5992891123,象学名_781,女,广东 茂名,,,,508,206,2564,变质的爱情
6633298507,暖若安阳__gilnak,男,天津,,,,45,273,3774,
6712331091,用户6712331091,男,其他,,,,9,21,1283,
6704208521,捂耳听风_ehuiq,男,陕西,,,,0,108,1251,
6827618781,天地归吾范生地,女,浙江,,,,5,206,2251,
6562396344,阴只着丶or,男,广东,,,,0,253,4937,
6805319598,司姊大宁车店,女,河南,,,,5,77,1741,
6795349524,婩林木沐聂沐,女,黑龙江,,,,4,77,2462,
6802599853,恨忘忧草江颜薛梏,女,江苏,,,,4,38,472,
6767477550,猫晧三七君,女,黑龙江,,,,3,41,883,
6762591142,啦撸宝贝鱼兜兜梂,女,安徽,,,,3,72,1274,
1864485027,懒杨杨的杨杨,男,北京,,,,77,139,1448,
1964358613,谢嘉颖伶俐,男,上海,,,,365,164,2317,爱是一种责任不爱了也要付责任
3190980951,想想未来忘记过去,女,河南 南阳,,,,80,87,1459,一切 都好
3174469361,雪泪昀阁,男,吉林 松原,,,,2714,276,1707,自由
2811968231,老毛跟我混,男,北京,,,,1063,337,4481,秋叶飘飘
2887217671,直接野灬雅懿,女,台湾 台北市,,,,582,93,2426,昔日老宅，今日菜园
3626065814,柒心4,男,山东,,,,250,159,1994,
3969412501,莎漏卟哭,女,吉林 松原,,,,2997,388,1417,荒凉里的山路悄无声息
6560224317,小可爱是我hh99,女,其他,,,,2,7,14,
2715224453,A市中的战斗机-8,女,青海 玉树,,,,65,113,3332,西湖美景正月天，此处牵手一生缘
7408185981,用户7408185981,女,海外 马来西亚,,,,0,2,324,
3067437442,送涨停-牛股30,男,云南 文山,,,,31,115,2175,
5979076285,努力长高的蘑菇君888,女,北京 平谷区,,,,725,168,2530,客源老店 精准客源 +V：Dayu577-
1510173262,米粒子妈,女,新疆,,,,330,169,474,关注我的 VX：wj1600746170
6970295323,小裴的佛珠_myg,男,江西,,,,309,14,4845,
6207545805,沈明长极李,女,云南,,,,19,65,1496,
7350144110,kuo0107,女,台湾,,,,0,1,70,
1117267244,微信精准引流方法,女,四川 乐山,,,,195,347,5004,美之媒传媒合伙人筱霞一对一教你精准引流方法♈ :2280694029
6356501955,易烊千玺-你一微笑世界都亮了,女,其他,,,,3707,548,484,书法粉 梨涡粉
6436921422,朵色联合创始人研婷,女,辽宁,,,,3,31,365,🦄🦄vx:15042399831（添加备注来意）
6806389689,用户6806389689,女,河北,,,,29,3,30,🍀一位98年创业老阿姨 🍀欢迎大家来我这里参观 🍀V❤️：gxz1378628447 🍀 座右铭：路，是自己走出来的；机会是自己创造出来的。
6923190109,s_l_i_v_e_r_s_i_l_v_e_r___,男,陕西,,,,4,65,4832,沉迷基腐，无法自拔……沉迷国产配音，吐血支持！
2455866947,简单062,女,湖北 十堰,,,,19,28,101,梦想还是要有的，万一实现了呢
7076311114,兔僖绿技痉181,男,陕西 铜川,,,,2,28,1976,
6298633998,美子dear,女,江苏,,,,360,1430,4958,加薇❤WCQ875956466
5219879231,samchan宜,女,内蒙古 包头,,,,224,5426,4849,
5803407702,时淑华_yohyy,女,江苏,,,,210,2829,1166,
6456314443,方到会q,女,广东,,,,363,1772,1015,努力努力再努力
6860611736,用户2817532200,女,湖北 武汉,,,,0,63,1512,
5802535703,小姣姣的春天998,女,江苏,,,,205,2078,4977,看图加私信，家纺一手货源，值得信奈
5919204190,长春生活新资讯,女,浙江 衢州,,,,586,1240,3227,
6916071244,一招教-你瘦肚子,女,新疆 乌鲁木齐,,,,31,167,2672,瘦身vx：jf4381
5889576846,上海风逸逸,男,河南,,,,67,7473,3412,邀请码：TD4NGR
2631468561,窗台下的猫咪1206,女,北京,,,,6,1985,4888,
5889577857,小可耐萱儿,女,北京,,,,241,679,2556,
6008983785,love-仙女大大,女,福建,,,,96,4533,1243,
5946108141,半夏有点COLD,女,陕西 西安,,,,762,1381,4187,"还在愁你的产品无人问津？在愁你的客源少么？+V284364147微信,微博tui广，专业微商tui广加客源，微店淘宝tui广"
3738603607,苏小蹊smart,女,北京,,,,114,3211,4960,一个积极阳光上进girl
5969516260,最小干燥最小寂,男,北京 密云区,,,,549,153,3091,
5879405620,大仙仙儿儿,女,浙江 杭州,,,,106,7260,4263,
6792943080,tdreamchao画眉如黛,男,黑龙江,,,,0,57,3067,
2695095725,小焕鸿艾锐吖,男,四川,,,,90,3086,3706,
5389491612,y初夏天微蓝,女,重庆,,,,455,388,6597,咨询+v：hy98212微信推广微商推广百度微博推广
5852528901,阿文ifghdj,女,广西 柳州,,,,204,5375,2486,咨询➕V：1178867871
6615724710,见易思千_Gossip_Cat,女,西藏,,,,4,121,4019,
5203598973,dcy_布丁2,女,吉林,,,,45,2974,3509,人出生两次吗？是的。头一次，是在人开始生活的那一天；第二次，则是在萌发爱情的那一天。
6320129620,童年美好的记忆,女,北京,,,,404,1924,5662,
6862197682,爱奋斗的小英,女,四川,,,,238,66,986,"咨询＋V〔aylj2468〕用心做输,和赢都是精彩的，"
5774168969,Super悦悦大仙女,女,内蒙古,,,,30,10755,1563,美瞳货源招代理，带你月入过万，咨询+V： bingmiao9
5601420966,丑到让你忘不掉,女,陕西,,,,168,231,3100,VX:284364147
6859785249,aJ深情致命_stupid8,女,福建,,,,6,19,416,
2715262761,妙玉浅浅,男,广东,,,,334,2565,4784,
3235295505,998晨晓,女,重庆 九龙坡区,,,,378,339,7219,微商推广咨询+v：hy98212
3319250863,精准引流客源Judy,女,其他,,,,139,671,4989,微博不在线，v：Lei01010308
2895778682,湘与鲁伊怒呿,男,吉林 吉林,,,,3,63,1192,
6858992572,aJ終年不遇__even_,女,福建,,,,6,63,1252,
5499477880,锦户历纺,女,贵州,,,,40,1969,4820,要求于人的甚少，给予人的甚多，这就是松树的风格。－－陶铸
3109806201,玲家吃乐,女,江苏,,,,200,420,881,给生活加点料！
5775848970,小柚子kiss,女,福建,,,,503,21547,5184,感谢微博平台  感谢微博团队幕后工作人员
6400676406,MOT茉特小姐姐,女,黑龙江 牡丹江,,,,932,21964,4248,茉特执行董事，化妆品实体店店主，化妆品批发、零售，实体店供货商，快手抖音红人，精准引流！
6744566194,用户6744566194,男,其他,,,,26,112,1697,
6825704532,用户6825704532,女,广东 佛山,,,,2465,75,1740,厨具厂创办人，轩辕国际合作伙伴！陆朝珍
6155320998,一岁悲喜即而远去,女,陕西 西安,,,,726,10004,3996,咨询克原＋威d1137107590或扫下方二维码👇
6691019032,用户6524405782_94449,男,北京 东城区,,,,26,46,1948,
5920545616,陈_Yut2333,男,内蒙古 赤峰,,,,663,848,3129,
6434525155,牛轧糖TT大宝贝,女,海南,,,,452,10906,7674,给微上加客园，威信934462702
2625998745,尝我爱联盛联,男,黑龙江,,,,36,57,3597,
6368652286,王咽了需用aL,男,浙江,,,,513,68,1735,
6301169053,实属别说赶在M5,男,江苏 南京,,,,356,155,2735,
6304258588,孔文瑶479,男,北京,,,,490,145,3336,其实真的很简单，只想有个人能陪，不要再让我伤心
6301793220,劳损蚊香代为qB,男,广东,,,,478,185,3002,
6029468486,0FXBEWSDKF656,男,广东,,,,246,123,1259,
1452727202,zhe210,男,广东,,,,98,2983,8006,
6607047163,皮曲静Mark,女,河南,,,,64,12,375,
6300841140,哄然女团奔了,男,浙江,,,,449,139,3166,
6359713526,曜瑞谷,女,四川 凉山,,,,456,113,3115,
6383305880,农机住宿啊哈,男,北京,,,,474,66,1745,
6352080616,文中氧气涂装,男,陕西,,,,360,165,2580,
6201263154,将比劳滕获选,男,北京,,,,517,201,3781,
6300290196,荤比值低矮O,男,辽宁,,,,557,170,3442,
6184694204,小依轻取可卡,男,山东,,,,533,148,3970,
6198944006,国立国富手指,男,辽宁,,,,584,152,3746,
6362749981,f19傻乎乎,女,北京,,,,444,184,3375,职业操盘手
6297188971,胥咏志工人,男,湖南,,,,495,217,3452,
6376783657,房源汲水各班,女,四川 广元,,,,330,108,1577,
6374878853,豹伴随小贩,男,云南,,,,484,199,3236,
6210368452,可也破解防臭,男,北京,,,,550,115,3792,
6295129837,看护救护普遍6v,男,天津,,,,458,180,2800,
6206220618,苏彬鹏群善东致,男,云南,,,,416,128,3035,
6205434141,发情辜丰足,男,江苏 宿迁,,,,533,136,3804,
6938528404,樱花吹雪80643,女,海外,,,,4,39,426,
6301229947,孝志义_37,男,浙江,,,,461,113,2419,凡是想获得优异成果的人，都应该异常谨慎地珍惜和支配自己的时间
6301077877,国图市况带着qe,男,陕西,,,,511,115,2956,
6852241391,l丶倾城乱世355,女,吉林,,,,2,86,1166,
6882091290,陌落繁華丶SEMIJin,女,安徽,,,,7,48,1909,
5746384610,米和丽x,女,陕西,,,,236,119,1198,
6359723182,最佳运发织,男,吉林,,,,506,147,3171,
6301175128,程呕气煽情J5,男,山东,,,,457,91,2025,
6364339334,沛菱烩2017,女,江苏,,,,340,139,1947,
6871977242,绝情谷丶5L,女,黑龙江,,,,1,20,512,
2328818802,帉眉只为君描为,男,吉林,,,,3,60,1650,
6349171292,梯次宇通回吐,女,陕西,,,,337,149,2619,是幸福与我隔岸相望
6340692091,几样击掌铁艺a,男,四川,,,,403,128,1868,
6203970206,下嫁可做战记,男,北京,,,,581,163,3421,
6334580575,觅香铱,女,辽宁 沈阳,,,,345,148,2547,
6314070839,长久赖想杯,男,海外 澳大利亚,,,,313,105,2138,
6209861707,斑白护国社团,男,上海,,,,562,105,2694,
6761655413,唐人先生陈观枀,女,江苏,,,,3,76,1198,
6303196273,幽远压得美卡D,女,北京,,,,458,175,2757,
6352304666,贾俊豪_统计员,男,四川,,,,465,165,3405,
6317456949,孤单弃沾夸,男,陕西 宝鸡,,,,524,158,3239,
6295297505,边境奋力4M褒啜,女,辽宁 葫芦岛,,,,314,95,2508,
6359574318,莘迎阳泰,女,黑龙江 哈尔滨,,,,243,57,862,
6203985223,如云一袭辉瑞,男,广东 珠海,,,,532,190,3546,
6354119091,碧同化丨奢侈,男,上海,,,,469,157,3214,一纸素笺，消瘦了谁的容颜
6302124869,燕令美丶健壮,女,北京,,,,558,155,3342,
6364834892,飞语馁,女,浙江 宁波,,,,476,146,3053,
6359408213,真诚的Hu____ining,女,北京,,,,387,165,2718,
6374929587,图灵构副刊,男,天津 津南区,,,,434,137,2321,被遗忘的末班车
6302035620,深奥角度三是E,男,上海,,,,464,160,2933,
6301112410,春暖相救掩耳X,男,辽宁,,,,466,167,2846,
6202870057,尽然匈科斯,女,上海,,,,453,144,3061,
6380944853,大棚甲醚见表F,男,福建,,,,334,70,1706,
6207826034,候选欲海剧组,男,北京,,,,602,150,3916,
6301100868,驶来海军待批Bj,男,辽宁,,,,539,187,3191,
6026984364,丰富吞吐,女,四川 达州,,,,728,143,2865,
